City,State
Dracut,Massachusetts 
Dudley,Massachusetts 
Easthampton,Massachusetts 
Abington,Massachusetts 
Adams,Massachusetts 
Amesbury,Massachusetts 
Amherst,Massachusetts 
Aquinnah,Massachusetts 
Arlington,Massachusetts 
Ashburnham,Massachusetts 
Ashby,Massachusetts 
Ashfield,Massachusetts 
Athol,Massachusetts 
Attleboro,Massachusetts 
Ayer,Massachusetts 
Becket,Massachusetts 
Belchertown,Massachusetts 
Belmont,Massachusetts 
Berkley,Massachusetts 
Berlin,Massachusetts 
Bernardston,Massachusetts 
Beverly,Massachusetts 
Billerica,Massachusetts 
Blackstone,Massachusetts 
Blandford,Massachusetts 
Bolton,Massachusetts 
Boston,Massachusetts 
Brewster,Massachusetts 
Brimfield,Massachusetts 
Brockton,Massachusetts 
Brookfield,Massachusetts 
Brookline,Massachusetts 
Buckland,Massachusetts 
Cambridge,Massachusetts 
Carver,Massachusetts 
Charlemont,Massachusetts 
Chelsea,Massachusetts 
Cheshire,Massachusetts 
Chicopee,Massachusetts 
Clarksburg,Massachusetts 
Clinton,Massachusetts 
Conway,Massachusetts 
Dalton,Massachusetts 
Dartmouth,Massachusetts 
Deerfield,Massachusetts 
Dighton,Massachusetts 
Douglas,Massachusetts 
East Brookfield,Massachusetts 
Eastham,Massachusetts 
Edgartown,Massachusetts 
Egremont,Massachusetts 
Erving,Massachusetts 
Fairhaven,Massachusetts 
Fall River,Massachusetts 
Fitchburg,Massachusetts 
Framingham,Massachusetts 
Franklin,Massachusetts 
Gardner,Massachusetts 
Georgetown,Massachusetts 
Gill,Massachusetts 
Gloucester,Massachusetts 
Grafton,Massachusetts 
Granby,Massachusetts 
Great Barrington,Massachusetts 
Greenfield,Massachusetts 
Groton,Massachusetts 
Hadley,Massachusetts 
Halifax,Massachusetts 
Hancock,Massachusetts 
Hardwick,Massachusetts 
Harvard,Massachusetts 
Hatfield,Massachusetts 
Haverhill,Massachusetts 
Heath,Massachusetts 
Hinsdale,Massachusetts 
Holland,Massachusetts 
Holyoke,Massachusetts 
Hopedale,Massachusetts 
Hubbardston,Massachusetts 
Hudson,Massachusetts 
Kingston,Massachusetts 
Lakeville,Massachusetts 
Lanesborough,Massachusetts 
Lee,Massachusetts 
Lenox,Massachusetts 
Leominster,Massachusetts 
Leverett,Massachusetts 
Leyden,Massachusetts 
Lowell,Massachusetts 
Lunenburg,Massachusetts 
Lynn,Massachusetts 
Malden,Massachusetts 
Manchester-by-the-Sea,Massachusetts 
Mansfield,Massachusetts 
Marblehead,Massachusetts 
Marion,Massachusetts 
Marlborough,Massachusetts 
Marshfield,Massachusetts 
Mashpee,Massachusetts 
Maynard,Massachusetts 
Melrose,Massachusetts 
Mendon,Massachusetts 
Middleborough,Massachusetts 
Millbury,Massachusetts 
Millis,Massachusetts 
Millville,Massachusetts 
Montague,Massachusetts 
Nantucket,Massachusetts 
Natick,Massachusetts 
New Bedford,Massachusetts 
New Braintree,Massachusetts 
Newbury,Massachusetts 
Newburyport,Massachusetts 
Newton,Massachusetts 
North Adams,Massachusetts 
North Attleborough,Massachusetts 
Northampton,Massachusetts 
Northbridge,Massachusetts 
Northfield,Massachusetts 
Norton,Massachusetts 
Oak Bluffs,Massachusetts 
Orange,Massachusetts 
Otis,Massachusetts 
Oxford,Massachusetts 
Palmer,Massachusetts 
Paxton,Massachusetts 
Pelham,Massachusetts 
Pepperell,Massachusetts 
Phillipston,Massachusetts 
Pittsfield,Massachusetts 
Plainfield,Massachusetts 
Plainville,Massachusetts 
Plymouth,Massachusetts 
Princeton,Massachusetts 
Provincetown,Massachusetts 
Quincy,Massachusetts 
Rehoboth,Massachusetts 
Richmond,Massachusetts 
Rockland,Massachusetts 
Rowley,Massachusetts 
Royalston,Massachusetts 
Rutland,Massachusetts 
Salem,Massachusetts 
Salisbury,Massachusetts 
Seekonk,Massachusetts 
Sharon,Massachusetts 
Sheffield,Massachusetts 
Shelburne,Massachusetts 
Shirley,Massachusetts 
Shrewsbury,Massachusetts 
Somerset,Massachusetts 
Somerville,Massachusetts 
Southampton,Massachusetts 
Springfield,Massachusetts 
Stockbridge,Massachusetts 
Sturbridge,Massachusetts 
Sunderland,Massachusetts 
Swampscott,Massachusetts 
Swansea,Massachusetts 
Taunton,Massachusetts 
Templeton,Massachusetts 
Tewksbury,Massachusetts 
Tisbury,Massachusetts 
Townsend,Massachusetts 
Truro,Massachusetts 
Tyngsborough,Massachusetts 
Uxbridge,Massachusetts 
Waltham,Massachusetts 
Ware,Massachusetts 
Wareham,Massachusetts 
Warwick,Massachusetts 
Washington,Massachusetts 
Watertown,Massachusetts 
Wellfleet,Massachusetts 
West Boylston,Massachusetts 
West Brookfield,Massachusetts 
West Newbury,Massachusetts 
West Stockbridge,Massachusetts 
West Tisbury,Massachusetts 
Westfield,Massachusetts 
Westminster,Massachusetts 
Whately,Massachusetts 
Williamsburg,Massachusetts 
Williamstown,Massachusetts 
Winchendon,Massachusetts 
Windsor,Massachusetts 
Worcester,Massachusetts 
Worthington,Massachusetts 